{
  "l1_feature": {
    "mean_ms": 0.006965180002271154,
    "std_ms": 0.0387223911974171,
    "min_ms": 0.004999999873689376,
    "max_ms": 5.416700000751007,
    "p50_ms": 0.0057999995988211595,
    "p90_ms": 0.009100000170292333,
    "p95_ms": 0.010400000064691994,
    "p99_ms": 0.012400000741763506,
    "count": 20000
  },
  "bridge": {
    "mean_ms": 0.06286321000106909,
    "std_ms": 0.02905343560794646,
    "min_ms": 0.04239999998389976,
    "max_ms": 0.8295000006910414,
    "p50_ms": 0.05359999977372354,
    "p90_ms": 0.0884000000951346,
    "p95_ms": 0.10209999982180307,
    "p99_ms": 0.18740099995738985,
    "count": 20000
  },
  "validation": {
    "mean_ms": 0.009966920000579194,
    "std_ms": 0.007240293692424484,
    "min_ms": 0.0073999999585794285,
    "max_ms": 0.3349999997226405,
    "p50_ms": 0.00830000044516055,
    "p90_ms": 0.014600000213249587,
    "p95_ms": 0.017100000150094274,
    "p99_ms": 0.022402000477086084,
    "count": 20000
  },
  "l2_preprocess": {
    "mean_ms": 0.016042790000165043,
    "std_ms": 0.01051711101176116,
    "min_ms": 0.011799999811046291,
    "max_ms": 0.318699999297678,
    "p50_ms": 0.013500000022759195,
    "p90_ms": 0.022600000193051528,
    "p95_ms": 0.026400000024295878,
    "p99_ms": 0.03380099998139469,
    "count": 20000
  },
  "l2_regime": {
    "mean_ms": 0.0058436649958366615,
    "std_ms": 0.0056140949300125705,
    "min_ms": 0.00419999923906289,
    "max_ms": 0.27969999973720405,
    "p50_ms": 0.004800000169780105,
    "p90_ms": 0.00850000014906982,
    "p95_ms": 0.009899999895424116,
    "p99_ms": 0.011699999959091656,
    "count": 20000
  },
  "total": {
    "mean_ms": 0.10219581499982269,
    "std_ms": 0.05682981324251024,
    "min_ms": 0.0732000007701572,
    "max_ms": 5.7797999998001615,
    "p50_ms": 0.08780000007391209,
    "p90_ms": 0.1449999999749707,
    "p95_ms": 0.16219999997701962,
    "p99_ms": 0.27280199994493126,
    "count": 20000
  }
}